{"SAC-1": [[-876.488814, -1450.271579, -1046.764916, -1196.842316, -766.259446, -1278.936973, -1618.78229, -1688.648287, -1696.000715, -1517.536642], [-966.401379, -1252.370695, -1069.818674, -1299.392541, -1068.649452, -1545.416802, -1605.573662, -1498.461313, -1552.701344, -1350.188767]], "SAC-2": [[-876.488814, -1450.271579, -1046.764916, -1196.842316, -766.259446, -1324.566437, -1618.587261, -1710.817639, -1762.829567, -1563.867284], [-966.401379, -1252.370695, -1069.818674, -1299.392541, -1068.649452, -1490.285499, -1565.442992, -1521.977083, -1653.814978, -1465.872078]], "SAC-3": [[-876.488814, -1450.271579, -1046.764916, -1196.842316, -766.259446, -1333.60398, -1615.132644, -1706.564771, -1756.693527, -1740.629138], [-966.401379, -1252.370695, -1069.818674, -1299.392541, -1068.649452, -1396.810055, -1555.648003, -1533.696288, -1731.923634, -1522.708736]], "SAC-4": [[-876.488814, -1450.271579, -1046.764916, -1196.842316, -766.259446, -1328.557518, -1569.989439, -1667.488684, -1733.332659, -1739.143068], [-966.401379, -1252.370695, -1069.818674, -1299.392541, -1068.649452, -1224.653577, -1520.116661, -1551.048676, -1826.994184, -1613.151229]], "SAC-5": [[-876.488814, -1450.271579, -1046.764916, -1196.842316, -766.259446, -1338.045129, -1192.095759, -1447.2807, -1626.327823, -1719.566717], [-966.401379, -1252.370695, -1069.818674, -1299.392541, -1068.649452, -885.207467, -1137.984875, -1132.689002, -1818.092963, -1507.263106]], "TD3-1": [[-883.12876, -1447.95806, -985.776058, -1193.64148, -750.544775, -1411.42169, -1560.548391, -1721.343869, -1543.872308, -1493.355862], [-1001.634082, -1262.393241, -1068.535831, -1292.791617, -1068.611934, -1313.322384, -1503.356917, -1450.142668, -1551.913894, -1454.169103]], "TD3-2": [[-863.048937, -1447.844617, -1005.229091, -1192.651958, -637.499271, -1381.109439, -1642.703525, -1638.298128, -1532.583602, -1528.110978], [-992.547571, -1271.908202, -1065.670533, -1288.02916, -1069.481982, -1131.596695, -1546.594703, -1624.489158, -1733.642864, -1517.796057]], "TD3-3": [[-766.507196, -1434.855444, -1064.652599, -1191.301033, -761.467653, -1508.858406, -1580.659632, -1682.148885, -1615.540415, -1562.844785], [-973.256797, -1288.999216, -1054.700929, -1279.417709, -1083.758761, -1164.121527, -1548.528437, -1610.775349, -1863.910886, -1492.17045]], "TD3-4": [[-861.388713, -1417.487639, -1069.451003, -1192.067851, -862.291261, -1488.796855, -1588.362305, -1754.702783, -1642.812527, -1538.997355], [-983.625129, -1305.161268, -1032.616238, -1272.042015, -1086.681928, -1342.828715, -1581.126536, -1630.665747, -1807.250804, -1621.688869]]}